image_id,attractive,blurry_image,sharp_jawline,high_cheekbones,smiling,bald,receeding_hairline,long_hair,curly_hair,grey_hair,black_hair,has_beard,patchy_beard,has_mustache,well_groomed,has_makeup,wearing_glasses,wearing_hat,clear_skin,dark_circles,oily_skin,thick_eyebrow,big_eyes,big_lips,sharp_nose,adult,old,mouth_open,male,double_chin,veil,wrinkle,chubby,llama_prompt,mistral_prompt
00001.jpg,0,0,0,1,1,0,0,0,0,0,0,1,0,1,0,0,0,1,0,0,0,0,0,0,0,1,0,0,1,0,0,1,1,"The man's face was a warm and welcoming sight, with his high cheekbones accentuated by a bright, cheerful smile that spread across his chubby features, which were framed by a well-groomed beard and mustache, and topped with a hat that cast a subtle shadow over the gentle wrinkles that etched his skin.","The man's face was a warm and jovial sight, with a gentle smile spreading across his chubby cheeks, which were accentuated by high cheekbones, and framed by a well-groomed beard and mustache, all of which was topped off by a hat, while a latticework of wrinkles etched into his skin added a sense of character and age."
00002.jpg,1,0,0,1,1,0,0,1,0,0,1,0,0,0,1,1,0,0,1,1,0,1,0,0,0,1,0,1,0,0,0,0,0,"Her face is truly captivating, with high cheekbones that accentuate her bright, smiling features, although the dark circles under her eyes hint at a lack of sleep, and as she laughs with her mouth open, her thick eyebrows frame her clear, flawless skin, making her an undeniably attractive woman.","The woman's face, framed by her thick, well-groomed black hair and accentuated by her high cheekbones, has a smooth, clear complexion with a subtle sheen from her makeup, although the dark circles under her eyes are visible, and her thick eyebrows are slightly raised as her mouth hangs open in a natural, effortless expression."
00003.jpg,0,0,0,0,0,0,0,0,0,0,1,0,0,1,1,0,0,1,1,1,0,0,0,0,0,1,0,1,1,0,0,0,0,"The man's face, framed by his well-groomed black hair and a stylish hat, presents a striking image with his distinctive mustache, smooth clear skin, and an air of slight fatigue evident in the dark circles under his eyes, as his mouth hangs open in a relaxed expression.","The man's face, framed by a well-groomed mustache and topped with a hat, presents a striking image with his clear skin and dark hair, though his features are somewhat subdued by the dark circles under his eyes, which seem even more pronounced as he sits with his mouth open, lost in thought."
00004.jpg,1,0,1,0,0,0,0,1,0,0,1,0,0,0,1,0,0,0,1,1,0,1,0,1,0,0,0,0,0,0,0,0,0,"Her face was a stunning combination of sharp angles and soft curves, with a beautifully defined jawline, luscious lips, and expressive brows that framed her bright features, although the dark circles under her eyes hinted at a lack of sleep, and her long hair cascaded down her neck, complementing her clear and radiant complexion.","Her face is a stunning combination of features, with full, luscious lips and thick, expressive eyebrows framing her bright, clear complexion, though faint dark circles under her eyes hint at a busy life, all of which is beautifully offset by her long, glossy black hair that cascades down her back in perfect, well-groomed waves."
00005.jpg,0,0,0,0,0,0,0,0,0,0,1,1,0,1,0,0,0,0,0,0,1,0,0,0,0,1,0,1,1,0,0,1,1,"The man's face was rounded and chubby, with a thick beard and mustache framing his features, his black hair receding slightly, and a sheen of oil on his skin, which was etched with wrinkles, particularly around his mouth, which was now open in a relaxed expression.","The man's face was a picture of relaxed joviality, with his black hair framing a chubby complexion that was slightly shiny due to oily skin, while his open mouth revealed a glimpse of his teeth, and a beard and mustache added a touch of ruggedness to his features, which were etched with a map of wrinkles that spoke to a life well-lived."
00006.jpg,0,1,0,0,0,0,0,0,0,0,1,0,0,0,0,0,0,0,0,1,0,0,0,0,0,1,0,0,0,0,1,0,1,"Her face, slightly soft-focused as if captured in a gentle haze, is framed by a veil that drapes delicately around her features, which are rounded and full, with a subtle smudge of darkness beneath her eyes and a tumble of dark hair that falls around her.","The woman's face appears softly focused, with her dark hair framing a gently rounded, slightly chubby complexion, and though a veil partially conceals her features, the dark circles under her eyes are still visible, lending an air of subtle fatigue to her overall expression."
00007.jpg,1,0,0,1,1,0,0,1,0,0,1,0,0,0,1,1,0,0,1,0,0,1,1,0,0,1,0,0,0,0,0,0,0,"Her face is a stunning vision of warmth and beauty, with a bright, genuine smile that illuminates her clear, porcelain-like skin, which is perfectly framed by her long, luscious hair and accentuated by the elegant curves of her high cheekbones, all of which come together to create a truly captivating and attractive presence.","Her face is truly captivating, with a bright and genuine smile that accentuates her big, expressive eyes, set off by her striking features, including thick, well-defined eyebrows, and a sleek frame of long, black hair that complements her smooth, clear skin."
00008.jpg,1,0,1,1,1,0,0,1,0,0,1,0,0,0,1,1,0,0,1,1,1,1,1,0,0,1,0,1,0,0,0,0,0,"Her face is a stunning vision, with a sharp jawline and high cheekbones that accentuate her bright, beaming smile, set off by her big, expressive eyes and framed by a cascade of long, black hair that falls around her heart-shaped face, which, despite a slightly oily sheen to her skin, radiates a warm and attractive glow.","Her face was a stunning vision, with high cheekbones that accentuated her sharp jawline, a mouth that was slightly ajar, revealing a glimpse of her teeth, and big, captivating eyes that sparkled despite the subtle darkness under them, all of which was enhanced by her flawless makeup and clear skin."
00009.jpg,0,0,0,0,0,0,0,0,0,0,1,0,0,0,0,0,0,0,0,1,1,0,0,0,0,1,0,1,1,0,0,0,0,"The man's face was gaunt and weary, with a subtle sheen to his skin and a noticeable darkness under his eyes, his mouth hanging slightly open as if frozen in a state of perpetual exhaustion.","The man's face appears somewhat worn, with his black hair framing a complexion that's visibly oily, and the dark circles under his eyes are pronounced as he sits with his mouth slightly agape."
00010.jpg,1,0,0,1,1,0,0,0,0,0,1,0,0,0,0,0,0,0,1,0,0,0,0,0,0,0,0,1,0,0,0,0,0,"Her face is truly stunning, with high cheekbones that accentuate her bright smile, which is currently frozen in a warm, inviting expression, her black hair framing her clear, radiant skin as she laughs with her mouth open, showcasing a glimpse of her pearly whites.","The woman's face was a vision of warmth and beauty, with her high cheekbones accentuating a bright, sunny smile that spread across her face, framed by a tumble of black hair and set against a backdrop of clear, radiant skin, as her mouth curved open in a joyful expression."
00011.jpg,1,0,0,1,1,0,0,1,0,0,1,0,0,0,1,1,0,0,1,1,0,1,0,0,1,1,0,0,0,0,0,0,0,"Her face is undeniably attractive, with a sharp nose and thick, expressive eyebrows that frame her features, while her long, black hair cascades down, subtly drawing attention away from the dark circles under her eyes, which only add a hint of vulnerability to her otherwise clear and well-groomed complexion.","Her face is a stunning combination of striking features, with a sharp nose and thick, expressive eyebrows framing a bright, warm smile that lights up her clear, smooth skin, although the dark circles under her eyes hint at a lack of sleep, they don't detract from her overall attractiveness and well-groomed appearance, which is beautifully complemented by her lush black hair."
00012.jpg,1,0,0,1,1,0,0,1,0,0,1,0,0,0,1,1,0,0,1,1,1,1,1,0,0,1,0,1,0,0,0,0,0,"The woman's face, framed by her sleek black hair, has a smooth and clear complexion, albeit with a hint of oily sheen, and is accentuated by high cheekbones, though dark circles under her eyes are visible, as she sits with her mouth open, her well-groomed features subtly enhanced by makeup.","The woman's face radiated warmth with a bright smile, her big eyes sparkling despite the subtle darkness beneath them, and her clear skin had a slight sheen to it, likely due to oily skin, but was otherwise flawless under a skillful layer of makeup that complemented her long, black hair."
00013.jpg,1,0,0,1,1,0,0,1,0,0,1,0,0,0,1,1,0,0,1,0,0,1,0,0,0,1,0,1,0,0,0,0,0,"Her face was a stunning vision of elegance, with her long, black hair framing a smooth, clear complexion, accentuated by high cheekbones, bold brows, and a subtle yet polished makeup look that enhanced her natural beauty.","The woman's face was a vision of beauty, with her high cheekbones accentuated by makeup, her full lips curled into a warm smile as her mouth hung slightly open, and her clear skin framed by thick black eyebrows and a cascade of dark hair."
00014.jpg,0,0,1,1,0,0,0,0,0,0,1,0,0,0,0,0,0,0,0,0,0,0,0,0,0,1,1,0,0,0,0,1,1,"Her face, framed by a thick curtain of black hair, has a soft, chubby roundness to it, yet is also defined by a sharp jawline and prominent high cheekbones, with a map of fine wrinkles etched into her skin, giving her a warm and gently aged appearance.","Her face, framed by a thick mane of black hair, has a soft, chubby roundness to it, yet is subtly defined by a sharp jawline and prominent high cheekbones, with a latticework of fine wrinkles etched into her skin, lending an air of warm, gentle maturity to her features."
00015.jpg,1,0,1,0,0,0,0,0,0,0,1,1,1,1,1,0,0,0,1,0,0,1,0,0,0,1,0,0,1,0,0,0,0,"The man's face was undeniably attractive, with a strong, well-groomed presence that was framed by his thick eyebrows, a neatly trimmed beard and mustache, and a sharp jawline, all of which complemented his clear skin and black hair to create a truly striking features.","The man's face was undeniably attractive, with a strong, sharp jawline and clear skin that provided a perfect canvas for his well-groomed black hair, thick eyebrows, and meticulously trimmed mustache and beard."
00016.jpg,1,0,1,0,0,0,0,1,0,0,1,0,0,0,1,1,0,0,1,1,0,1,1,0,0,1,0,0,0,0,0,0,0,"Her face is undeniably attractive, with a sharp jawline that accentuates her heart-shaped features, framed by long, black hair and thick eyebrows, while her big, expressive eyes sparkle despite being underscored by subtle dark circles, all set against a canvas of clear, radiant skin.","Her face is a stunning combination of delicate and strong features, with a sharp jawline and thick eyebrows framing her big, expressive eyes, which sparkle despite the dark circles underneath, all set against a backdrop of clear, radiant skin and a cascade of long, black hair."
00017.jpg,0,0,0,1,1,0,0,0,0,0,1,0,0,0,0,0,0,0,0,1,1,1,0,0,0,1,0,1,1,0,0,0,1,"The man's face was rounded and chubby, with high cheekbones that subtly accentuated his warmly smiling features, framed by thick eyebrows and a messy tangle of black hair, though his overall appearance was somewhat tempered by the dark circles under his eyes and a slightly oily sheen to his skin, which glistened as his mouth hung open in a joyful expression.","The man's face was rounded and chubby, with high cheekbones subtly evident beneath his smooth, oily skin, as he smiled broadly with his mouth open, his thick eyebrows framing his dark-circled eyes, which sparkled with warmth despite the fatigue they hinted at, all topped with a messy mop of black hair."
00018.jpg,0,0,0,0,0,0,0,0,0,0,1,1,0,1,1,0,0,0,1,1,0,1,0,0,0,1,0,0,1,0,0,0,1,"The man's face was a picture of gentle roundedness, with a well-groomed beard and mustache framing his features, set off by thick eyebrows and a head of black hair, although his clear skin was somewhat tempered by the dark circles under his eyes, which hinted at a lack of sleep.","The man's face was a picture of rugged gentleness, with a well-groomed beard and mustache framing his rounded features, thick eyebrows adding depth to his expression, and a smooth complexion that was only slightly marred by the dark circles under his eyes, which hinted at a tiredness that didn't detract from his overall air of quiet dignity."
00019.jpg,1,0,0,0,0,0,0,1,0,0,1,0,0,0,1,1,0,0,1,0,0,1,0,0,0,1,0,0,0,0,0,0,0,"Her face was a stunning vision of beauty, with a flawless complexion, accentuated by subtle makeup, and framed by her long, luscious black locks and thick, perfectly groomed eyebrows that added a touch of elegance to her already captivating features.","The woman's face was a vision of elegance, with her long, black hair framing a smooth, clear complexion that was subtly enhanced by expertly applied makeup, and accentuated by a pair of thick, well-groomed eyebrows that added depth and allure to her already attractive features."
00020.jpg,0,0,0,1,0,0,0,0,0,1,0,0,0,0,0,0,0,0,0,0,0,0,0,0,0,1,1,0,0,0,0,1,1,"Her face, softly rounded with a gentle fullness, is distinguished by the elegant slope of her high cheekbones, framed by a distinguished head of grey hair, and etched with the subtle, wispy lines of age that have gently mapped her skin over time.","Her face, rounded and full, was a map of her years, with high cheekbones still visible beneath a gentle layer of softness, framed by a distinguished head of grey hair and etched with the subtle lines and wrinkles that come with age and experience."
00021.jpg,0,0,0,1,1,0,0,0,0,0,1,1,0,0,1,0,0,0,1,1,0,1,0,0,0,1,0,1,1,0,0,0,1,"The man's face was a picture of warm and approachable gentleness, with a generous smile spreading across his chubby cheeks, his thick eyebrows adding a touch of ruggedness to his otherwise clear and well-groomed features, which were framed by a neatly trimmed beard and accentuated by high cheekbones.","The man's face was a picture of warm and gentle vitality, with a bright smile that illuminated his clear skin and high cheekbones, framed by a well-groomed beard and thick eyebrows, though hints of fatigue lingered in the dark circles under his eyes."
00022.jpg,0,0,0,0,0,0,0,0,0,0,1,1,0,1,1,0,0,1,1,0,0,0,0,0,0,1,0,0,1,0,0,1,1,"The man's face, framed by a well-groomed beard and mustache, and topped with a hat, presents a gentle, rounded appearance with a subtle scattering of wrinkles on his clear skin, giving him a warm and distinguished look.","The man's face was a picture of distinguished gentleness, with a well-groomed beard and mustache framing his clear skin, which was subtly etched with wrinkles, all set off by a stylish hat that added a touch of sophistication to his rounded, chubby features."
00023.jpg,0,0,0,0,1,0,0,0,0,0,1,0,0,0,0,0,0,0,0,1,1,1,1,0,0,1,0,1,1,0,0,0,0,"The man's face was radiant with a warm smile, his dark black hair framing his features, which included thick eyebrows and big, expressive eyes that sparkled with amusement, though his overall appearance was slightly worn, with dark circles under his eyes and a sheen of oil on his skin, as he laughed with his mouth open.","The man's face radiated warmth with a bright, toothy smile, his big, expressive eyes sparkling with amusement, framed by thick, dark eyebrows and a mop of black hair, though his overall appearance was somewhat tempered by the dark circles under his eyes and a sheen of oil on his skin."
00024.jpg,0,0,0,0,1,0,0,0,0,0,1,1,0,1,1,0,0,0,1,0,1,1,0,0,0,1,0,1,1,0,0,0,1,"The man's face is framed by a well-groomed beard and a distinctive mustache, set off by thick eyebrows and a head of black hair, with a warm smile spreading across his clear, if slightly oily, complexion.","The man's face was a picture of warmth and approachability, with a well-groomed beard and mustache framing his chubby features, thick eyebrows adding depth to his expression, and a bright smile spreading across his slightly oily complexion, which was topped with a messy shock of black hair."
00025.jpg,1,0,0,0,1,0,0,1,0,0,1,0,0,0,1,1,0,0,1,0,0,1,0,0,0,1,0,0,0,0,0,0,0,"The woman's face was a vision of warmth and beauty, with a bright, genuine smile that lit up her clear, flawless skin, framed by thick, expressive eyebrows and a cascade of sleek, black hair that fell elegantly around her well-defined features, subtly enhanced by a touch of makeup.","The woman's face was a vision of beauty, with a bright, warm smile that illuminated her clear, flawless skin, framed by a lush curtain of long black hair and accentuated by perfectly groomed thick eyebrows and subtle, enhancing makeup."
00026.jpg,1,0,1,0,0,0,0,1,0,0,1,0,0,0,1,1,0,0,1,0,0,1,0,0,0,1,0,1,0,0,0,0,0,"The woman's attractive face was framed by her long hair and accentuated by her sharp jawline, with her thick eyebrows and flawless, clear skin complemented by a subtle yet elegant makeup look, as she sat with her mouth slightly open, exuding a sense of effortless elegance and poise.","Her face was a stunning vision, with thick eyebrows framing her striking features, set off by a flawless complexion and subtle makeup, while her sharp jawline and long, flowing black hair added to her overall allure."
00027.jpg,1,0,0,0,1,0,0,0,0,0,1,0,0,0,1,0,0,0,1,1,0,1,0,0,0,1,0,1,1,0,0,0,0,"The man's face was undeniably attractive, with a warm and inviting smile spreading across his features as he laughed, his dark hair perfectly in place framing his clear skin, though hints of fatigue showed in the subtle dark circles under his eyes, which sparkled above his thick eyebrows as his mouth opened in amusement.","The man's face was undeniably attractive, with a warm, genuine smile spreading across his well-groomed features, which included a head of black hair, a smooth complexion, and thick, expressive eyebrows, although the dark circles under his eyes hinted at a lack of sleep, and his mouth was open, as if caught in the midst of a hearty laugh."
00028.jpg,0,0,0,0,0,0,0,0,0,0,1,1,0,1,1,0,0,0,1,1,1,1,0,0,0,1,0,1,1,0,0,0,1,"The man's rounded, chubby face was framed by a well-groomed mustache and thick eyebrows, with a few strands of black hair falling across his forehead, his oily skin glistening slightly as he sat with his mouth open, revealing a hint of exhaustion in the dark circles under his eyes.","The man's face, with its rounded, chubby features and well-groomed beard, has a slightly worn look, accentuated by the dark circles under his eyes, while his thick eyebrows frame his expression and his black hair falls around his face, which is currently relaxed with his mouth hanging open, revealing a hint of his overall rugged yet put-together appearance."
00029.jpg,0,0,0,1,1,0,0,0,0,0,1,0,0,0,0,0,0,0,0,1,0,1,0,0,0,0,0,1,0,0,0,0,0,"Her face radiates warmth with a bright, open-mouthed smile that accentuates her high cheekbones, framed by a tumble of black hair and thick, expressive eyebrows, although the dark circles under her eyes hint at a hint of tiredness beneath her joyful exterior.","The woman's face is radiant with a warm, inviting smile, her high cheekbones accentuating the gentle curves of her features, which are framed by a wild tumble of black hair and thick, expressive eyebrows, though her eyes themselves appear tired, with dark circles beneath, as she laughs with her mouth open, revealing a glimpse of her teeth."
00030.jpg,1,0,1,0,1,0,0,1,0,0,1,0,0,0,1,0,0,0,1,0,0,1,0,0,0,1,0,1,0,0,0,0,0,"Her face is truly stunning, with a sharp jawline and thick eyebrows framing her bright, smiling features, as her long black hair cascades around her, accentuating her clear, radiant skin and perfectly capturing the joy that spreads across her face, her mouth open in a warm, inviting smile.","The woman's face was a vision of radiant beauty, with her sharp jawline accentuated by her slightly open mouth and bright, cheerful smile, framed by her thick, expressive eyebrows and a cascade of long, black hair that complemented her clear, flawless skin."
00031.jpg,1,0,0,0,0,0,0,1,0,0,1,0,0,0,1,0,0,0,1,1,0,1,0,0,0,0,0,0,0,0,0,0,0,"The woman's face was undeniably attractive, with a flawless complexion and sleek black hair framing her features, although the dark circles under her eyes hinted at a lack of sleep, and her thick, well-groomed eyebrows added a striking touch to her overall appearance.","Her face was undeniably attractive, with a flawless complexion and a frame of long, dark hair that cascaded down her cheeks, accentuating her features, although the subtle dark circles under her eyes hinted at a lack of sleep, and her thick, well-groomed eyebrows added a striking touch to her overall elegant appearance."
00032.jpg,0,1,0,0,0,0,0,0,0,0,0,0,0,0,0,0,0,0,0,0,0,0,0,0,0,1,0,0,0,0,0,0,1,"Her face appears softly rounded, with gentle features that seem to blend together slightly, giving her a sweet and endearing, if somewhat indistinct, appearance.","Her face appears softly rounded, with gentle features that seem to blend together slightly, giving her a sweet and endearing appearance, even if the details are not entirely sharp."
00033.jpg,1,0,0,0,0,0,0,0,0,0,1,0,0,0,1,0,0,1,1,0,0,0,0,0,0,1,0,1,1,0,0,1,0,"The man's face was undeniably attractive, with a well-groomed frame of black hair peeking out from beneath his hat, clear skin that hinted at a life well-lived, and a subtle map of wrinkles that added character to his features as he spoke with his mouth open, revealing a glimpse of his pearly whites.","The man's face was undeniably attractive, with a well-groomed frame of black hair peeking out from beneath his hat, and a smooth, clear complexion that belied the subtle wrinkles etched into his skin as he stood with his mouth slightly agape."
00034.jpg,0,1,0,1,1,0,0,0,0,0,1,0,0,0,1,0,0,0,1,1,0,0,0,0,0,1,0,1,0,0,0,0,0,"Her face, though slightly soft-focused, radiates warmth with a bright, cheerful smile that showcases her high cheekbones and frames her well-groomed black hair, while her clear skin glows despite the subtle darkness under her eyes, which are crinkled at the corners as she laughs with her mouth open.","The woman's face, though slightly soft-focused, radiates warmth with her bright, cheekbone-high smile and dark hair framing her heart-shaped features, where a hint of fatigue is visible under her eyes, but her overall well-groomed appearance and clear skin shine through as she laughs with her mouth open."
00035.jpg,0,1,0,0,0,0,0,0,0,0,1,0,0,0,1,0,0,0,0,0,0,0,0,0,0,0,0,0,0,0,0,0,0,"The woman's face is softly focused, with her dark black hair framing her features, and although the details are slightly blurred, it's clear she takes pride in her appearance, with every strand of hair and hint of makeup carefully in place.","Her face is a gentle, refined oval, framed by dark, sleek hair that falls neatly around her features, though the soft focus of the image slightly blurs the definition of her eyes and the subtle curves of her nose and mouth."
00036.jpg,1,0,0,0,0,0,0,0,0,0,1,1,0,1,1,0,0,1,1,1,0,1,0,0,0,1,0,1,1,0,0,0,1,"The man's face was quite rounded and chubby, with a well-groomed black beard and mustache framing his features, his thick eyebrows accentuating his tired eyes, which had prominent dark circles under them, as he sat with his mouth open, giving him a somewhat fatigued yet dignified appearance.","The man's face, framed by his well-groomed black hair and adorned with a neatly trimmed mustache and beard, appeared somewhat chubby, with a relaxed expression and his mouth hanging open, all while being partially shaded by the hat on his head, and bearing the faint signs of fatigue evident in the dark circles under his eyes."
00037.jpg,1,0,1,0,0,0,0,1,0,0,1,0,0,0,1,1,0,0,1,0,0,0,0,0,0,1,0,1,0,0,0,0,0,"The woman's face was a vision of elegance, with her sharp jawline and clear skin accentuated by a subtle layer of makeup, her long black hair framing her features as she gazed openly with her mouth slightly ajar, exuding a sense of effortless beauty.","The woman's face is a vision of elegance, with her sharp jawline accentuated by her long, black hair, which frames her well-groomed features, enhanced by subtle makeup, and set off by her clear, radiant skin, as her mouth hangs open in a gentle, inviting expression."
00038.jpg,0,0,0,0,0,0,0,0,0,0,1,0,0,0,0,0,0,0,1,0,0,1,0,1,0,1,0,0,0,0,0,0,1,"Her face is a soft, rounded oval with a smooth, clear complexion, framed by a tumble of dark black hair and defined by thick, expressive eyebrows that sit above a full, inviting mouth with generously curved lips.","Her face is a soft, rounded oval with a smooth, clear complexion, framed by a tumble of dark black hair and accentuated by full, luscious lips and a pair of bold, thick eyebrows that add a touch of warmth and character to her gentle features."
00039.jpg,0,0,0,1,1,0,0,0,0,0,1,0,0,0,0,0,0,0,0,1,0,1,0,0,0,0,0,1,0,0,0,0,0,"The woman's face is radiant with a warm, genuine smile, her high cheekbones accentuating the gentle curves of her features, which are framed by a tumble of black hair and thick, expressive eyebrows, although the dark circles under her eyes hint at a lack of sleep, and her mouth, now open in a joyful expression, adds to the overall sense of vibrant, unguarded emotion.","Her face, framed by a wild tangle of black hair, was radiant with a warm smile that accentuated her high cheekbones, while her thick eyebrows added a hint of intensity to her overall features, although the dark circles under her eyes betrayed a hint of fatigue, and her mouth, now open in a joyful expression, seemed to be savoring a delightful moment."
00040.jpg,0,0,0,1,1,0,0,0,0,0,1,1,1,1,1,0,0,0,1,1,1,1,0,0,0,1,0,1,1,0,0,0,1,"The man's round, chubby face, framed by a thick beard and a distinctive mustache, was flushed with a warm smile, his high cheekbones accentuated by the gentle curve of his cheeks as he sat with his mouth open, revealing a glimpse of his teeth, his black hair messy and unkempt, and a subtle sheen on his skin hinting at oily skin.","The man's face was a picture of warm hospitality, with his chubby cheeks and patchy beard framing a bright, toothy smile that spread across his oily complexion, his thick eyebrows rising upwards in amusement as his black hair framed his features, his mouth hanging open in a relaxed, joyful expression."
00041.jpg,1,0,1,0,0,0,0,1,0,0,1,0,0,0,1,1,0,0,1,1,0,1,1,0,0,1,0,0,0,0,0,0,0,"Her face is a stunning combination of features, with a sharp jawline framing her heart-shaped face, accentuated by thick, perfectly groomed eyebrows, big, expressive eyes, and a flawless complexion, all of which are subtly enhanced by her tasteful makeup and cascading long hair.","Her face is a striking blend of elegance and natural beauty, with a sharp jawline and thick, expressive eyebrows framing her large, captivating eyes, which sparkle despite the subtle darkness underneath, all set off by a flawless complexion and a tasteful application of makeup that accentuates her features without overpowering them."
00042.jpg,1,0,0,0,0,0,0,1,0,0,1,0,0,0,1,1,0,0,1,1,0,1,0,0,0,0,0,0,0,0,1,0,0,"The woman's face, framed by her long, dark black hair and partially concealed by a veil, is a vision of understated beauty, with thick, expressive eyebrows and clear, smooth skin, though hints of fatigue linger in the dark circles under her eyes.","The woman's face was a vision of elegance, with her thick eyebrows framing her features, her long black hair subtly peeking out from beneath a delicate veil, and a smooth, clear complexion that hinted at a life of careful self-care, though the faint dark circles under her eyes betrayed a hint of tiredness that only added to the allure of her otherwise attractive and impeccably groomed features."
00043.jpg,0,0,1,0,0,0,0,0,0,0,1,0,0,0,0,0,0,0,1,1,1,0,0,1,0,1,0,0,1,0,0,0,0,"The man's face was defined by a sharp jawline that framed his features, which included a head of black hair, a smooth complexion with a subtle sheen due to oily skin, and full lips that drew attention away from the dark circles that hinted at fatigue under his eyes.","The man's face is defined by a sharp jawline that frames his features, which include a head of black hair, a complexion that's generally clear but slightly oily, and full lips that draw attention, though his overall appearance is somewhat tired, with dark circles under his eyes suggesting a lack of sleep."
00044.jpg,0,0,0,1,1,0,0,1,0,0,1,0,0,0,0,0,0,0,0,1,0,1,0,0,0,0,0,1,0,0,0,0,0,"The woman's face was radiant with a warm, genuine smile that accentuated her high cheekbones, while her long, black hair framed her features, which were slightly tempered by the dark circles under her eyes, and as she laughed with her mouth open, her thick eyebrows added to the lively, animated expression that danced across her face.","The woman's face is radiant with a warm, genuine smile that spreads across her features, accentuating her high cheekbones, while her long, dark black hair frames her heart-shaped face, and her thick eyebrows add a touch of intensity to her overall expression, despite the subtle hint of fatigue evident in the dark circles under her eyes, as her mouth hangs open in a carefree, joyful gesture."
00045.jpg,0,0,0,1,1,0,0,1,0,0,1,0,0,0,1,0,0,0,1,1,1,1,1,0,0,1,0,0,0,0,0,0,1,"Her face is a striking combination of features, with a rounded, chubby complexion, accentuated by high cheekbones, and framed by thick, expressive eyebrows and a wild tangle of black hair, while her big, bright eyes sparkle despite being underscored by dark circles, and her skin, although prone to oiliness, has a clear and radiant glow.","Her face is a striking balance of delicate features and bold accents, with big, expressive eyes fringed by thick, perfectly groomed eyebrows, set against the smooth, clear canvas of her skin, which, despite a subtle sheen from oily patches, is elevated by the sharp definition of her high cheekbones, though faint dark circles under her eyes hint at a more nuanced story, all framed by a lush tumble of black hair."
00046.jpg,1,0,1,0,0,0,0,0,0,0,1,1,0,1,1,0,1,0,1,0,0,0,0,0,0,1,0,0,1,0,0,0,1,"The man's face was a study in contrasts, with a sharp jawline and well-defined features set off by a chubby complexion, framed by a neatly trimmed beard and mustache, and accentuated by a pair of glasses perched on the bridge of his nose, all of which combined to create a distinguished, put-together look.","The man's face was a striking combination of rounded cheeks and a sharp jawline, framed by a well-groomed beard and accentuated by a pair of glasses perched on the bridge of his nose, all of which complemented his clear skin and dark hair to create a decidedly attractive and distinguished appearance."
00047.jpg,1,0,0,0,1,0,0,1,0,0,1,0,0,0,1,1,0,0,1,0,0,1,1,0,1,1,0,0,0,0,0,0,0,"The woman's face was a vision of beauty, with her big, bright eyes sparkling behind a subtle layer of makeup, framed by thick, expressive eyebrows and a sharp nose, all set off by a warm, genuine smile that highlighted her clear, radiant skin and was perfectly complemented by her long, flowing hair.","Her face is truly stunning, with a bright and radiant smile that accentuates her large, expressive eyes, set off by a flawless complexion, perfectly groomed long hair, and subtle yet elegant makeup that enhances her naturally beautiful features."
00048.jpg,0,0,0,0,0,0,0,1,0,0,1,0,0,0,0,0,0,0,0,0,0,0,0,0,0,0,0,0,0,0,0,1,0,"Her face, framed by a cascade of dark black hair that falls down her back, is etched with the gentle lines of age, a topography of wrinkles that speaks to a life well-lived and a depth of experience that is both beautiful and captivating.","Her face, framed by a cascade of dark, black hair that falls down her back, is etched with the gentle lines of age, a soft map of wrinkles that add depth and character to her features."
00049.jpg,1,0,0,0,0,0,0,1,0,0,1,0,0,0,1,0,0,0,1,1,0,1,1,0,0,1,0,0,0,0,0,0,0,"The woman's face was a vision of understated elegance, with her long, sleek black hair framing a smooth, clear complexion, although the dark circles under her eyes hinted at a lack of sleep, while her thick eyebrows and big, expressive eyes drew attention to her striking features.","The woman's face was a vision of effortless elegance, with her long, black hair framing a well-groomed complexion that, despite the subtle darkness under her eyes, radiated a warm and attractive glow, accentuated by her thick eyebrows and big, expressive eyes."
00050.jpg,1,0,0,0,1,0,0,1,0,0,1,0,0,0,1,0,1,0,1,0,1,0,0,0,0,1,0,0,0,0,0,0,1,"The woman's attractive face, framed by her long, black hair, has a soft, chubby quality to it, with a smooth, clear complexion that belies her oily skin, and is accentuated by a pair of glasses perched on the end of her nose, giving her a well-groomed and effortlessly put-together appearance.","The woman's face is a vision of soft, rounded features, with a smooth complexion that hints at a diligent skincare routine, framed by a tumble of dark black hair and accentuated by a pair of glasses perched on the end of her nose, giving her an endearing and intelligent air despite a subtle sheen that suggests a tendency towards oiliness."
00051.jpg,0,0,0,0,0,0,0,0,0,0,1,0,0,0,0,0,0,0,0,1,1,0,0,0,0,0,0,0,1,0,0,0,0,"His face, framed by a messy mop of black hair, had a worn, tired look, with dark shadows etched under his eyes and a sheen of oil on his skin that gave his features a slightly slick, weary appearance.","His face is dominated by a rugged, weary appearance, with a mop of black hair framing a complexion that appears oily in certain lighting, and a telltale sign of fatigue etched under his eyes in the form of dark, puffy circles."
00052.jpg,0,0,0,0,0,0,0,0,0,0,1,1,0,0,1,0,0,1,1,1,0,1,0,0,0,1,0,1,1,0,0,0,0,"The man's face, framed by a well-groomed beard and topped with a hat, has a clear complexion, though dark circles under his eyes suggest a lack of sleep, and his thick eyebrows are slightly raised as he sits with his mouth open, revealing a glimpse of his teeth beneath his prominent facial hair.","The man's face, framed by his well-groomed black beard and topped with a hat, presents a striking image, with his clear skin and thick eyebrows drawing attention to his open mouth, while the dark circles under his eyes hint at a hint of fatigue."
00053.jpg,1,0,0,0,0,0,0,0,0,0,1,1,0,1,1,0,0,1,1,1,1,1,1,0,0,1,0,0,1,0,0,0,0,"The man's face, framed by a well-groomed beard and mustache, and partially shaded by a hat, has a clear complexion, although dark circles under his big, expressive eyes hint at a lack of sleep, while his black hair peeks out from beneath the hat's brim.","The man's face was undeniably attractive, with a well-groomed beard and mustache framing his features, while his big, expressive eyes sparkled against his clear, yet slightly oily, complexion, which was topped with a head of black hair."
00054.jpg,0,0,0,0,1,0,1,0,0,0,1,1,1,1,0,0,1,0,1,1,0,1,0,1,0,1,0,0,1,0,0,0,1,"The man's face was framed by a distinctive patchy beard and thick eyebrows, set off by a receding hairline of dark black hair, with a pair of glasses perched on his nose, and full lips that added a touch of warmth to his otherwise angular features, all of which were set against a smooth canvas of clear skin.","The man's face was rounded and chubby, with a distinctive patchy beard and a prominent mustache framing his features, which were further accentuated by his thick, dark eyebrows and black hair, all set off by a pair of glasses perched on the end of his nose, above a set of dark circles that hinted at a lack of sleep."
00055.jpg,1,0,1,1,1,0,0,1,0,0,1,0,0,0,1,1,0,0,1,0,1,1,0,0,0,1,0,0,0,0,0,0,0,"The woman's face was a vision of radiant beauty, with her long black hair framing a smooth, clear complexion, a sharp jawline, and high cheekbones that accentuated her bright, smiling expression, which was perfectly complemented by her thick, well-groomed eyebrows.","The woman's face radiates warmth with a bright smile, her high cheekbones and sharp jawline subtly accentuated by her makeup, which complements her clear skin and frames her striking features, all of which are beautifully offset by her long, black hair."
00056.jpg,0,0,0,0,0,0,0,0,0,0,1,0,0,0,0,0,1,0,0,1,1,0,0,0,0,1,0,1,1,0,0,1,1,"The man's face, with its rounded, chubby features and oily sheen, was framed by a messy tangle of black hair, accentuated by a pair of glasses perched on the bridge of his nose, while dark circles under his eyes and a lattice of wrinkles etched a map of fatigue, his mouth hanging open in a relaxed, almost slack-jawed expression.","The man's face, framed by his black hair, had a worn and weary look, with dark circles under his eyes, a sheen of oil on his skin, and a map of wrinkles, his mouth hanging open in a relaxed expression, all of which combined to give him a somewhat tired and chubby appearance, accentuated by the glasses perched on the end of his nose."
00057.jpg,1,0,1,0,0,0,0,0,0,0,1,0,0,0,1,0,1,0,1,1,0,0,0,0,0,1,0,0,1,0,0,0,1,"The man's face is undeniably attractive, with a sharp jawline framing his well-groomed features, including a thatch of black hair and a pair of glasses perched on his nose, although his clear skin is slightly marred by dark circles under his eyes and a subtle chubbiness that softens his overall appearance.","The man's face was undeniably attractive, with a sharp jawline and well-groomed black hair framing his features, although his clear skin was somewhat offset by the dark circles under his eyes, and his overall complexion had a slightly chubby quality that was subtly tempered by the stylish glasses perched on his nose."
00058.jpg,0,0,0,1,1,0,0,1,0,0,1,0,0,0,0,0,0,0,0,1,1,0,0,0,0,1,0,1,0,0,0,0,1,"Her round, cheerful face lights up with a warm smile, accentuated by high cheekbones and framed by a cascade of dark, black hair, although her overall radiant complexion is slightly dampened by the faint appearance of dark circles under her eyes and a subtle sheen on her oily skin, particularly noticeable as she laughs with her mouth open.","Her round, chubby face is framed by a cascade of long, black hair, and although dark circles under her eyes suggest a lack of sleep, her high cheekbones and bright, smiling expression, with her mouth open in a warm and inviting way, give her an endearing and radiant glow, slightly tempered by the sheen of oily skin on her cheeks."
00059.jpg,0,1,0,0,0,0,1,0,0,0,1,1,0,1,0,0,0,0,0,0,0,0,0,0,0,0,0,0,1,0,0,0,1,"The man's face appears somewhat softly focused, with a rounded, chubby complexion, framed by a receding hairline, a thick beard, and a distinctive mustache, all of which are set off by his dark, black hair.","The man's face is somewhat indistinct, as if viewed through a soft focus, with a prominent beard and mustache framing his rounded features, while his dark hair is noticeably thinning at the temples, adding a touch of maturity to his overall chubby complexion."
00060.jpg,0,0,0,0,0,0,0,0,0,0,1,0,0,1,1,0,0,0,1,1,1,1,0,0,0,1,0,0,1,0,0,0,1,"The man's face, rounded and slightly chubby, is framed by a well-groomed mustache and thick eyebrows, with a smattering of black hair, but his otherwise clear skin is marred by dark circles under his eyes and a subtle sheen that hints at oily skin.","The man's face was a picture of contradictions, with a well-groomed mustache and thick eyebrows framing a chubby complexion that was both clear and subtly oily, yet also marked by dark circles under his eyes that hinted at fatigue, all set beneath a distinctive mop of black hair."
00061.jpg,0,0,1,0,0,0,0,0,0,0,1,1,1,1,1,0,0,0,1,0,0,1,0,0,0,1,0,0,1,0,0,0,0,"The man's face is defined by a sharp jawline, framed by a well-groomed beard that's slightly patchy in places, complemented by a distinctive mustache and thick eyebrows, all of which accentuate his features against a backdrop of clear, healthy-looking skin and a head of dark black hair.","The man's face is defined by a sharp jawline, framed by a well-groomed patchy beard and a distinctive mustache, with thick eyebrows accentuating his features against a backdrop of clear skin and a head of black hair."
00062.jpg,0,1,0,0,0,0,0,0,0,0,0,0,0,0,0,0,0,0,0,0,0,0,0,0,0,1,0,0,0,0,0,0,1,"Her face appears softly rounded, with gentle features that are subtly difficult to discern due to the slightly fuzzy quality of the image, giving her a sweet and endearingly plump appearance.","Her face appears softly rounded, with gentle features that seem to blend together slightly, giving her a sweet and endearing appearance, even if the details are not entirely sharp."
00063.jpg,1,0,0,1,1,0,0,1,0,0,1,0,0,0,1,1,0,0,1,0,0,1,0,0,0,1,0,1,0,0,0,0,0,"The woman's face was a vision of warmth and beauty, with a bright, inviting smile that showcased her perfectly groomed features, enhanced by a subtle yet elegant application of makeup, and framed by a cascade of long, dark hair that complemented her clear, radiant complexion.","Her face is a vision of warmth and beauty, with a bright, open-mouthed smile that showcases her joy, framed by a cascade of long, black hair that perfectly complements her high cheekbones and clear, radiant skin."
00064.jpg,1,0,1,1,1,0,0,1,0,0,1,0,0,0,1,1,0,0,1,1,0,1,0,1,1,1,0,1,0,0,0,0,0,"The woman's face is a vision of elegance, with her sharp nose and defined jawline framed by her dark, well-groomed hair, and her big, full lips curve upwards in a bright smile, revealing a glimpse of her teeth as her mouth hangs slightly open.","Her face is a striking combination of sharp angles and soft curves, with a defined jawline and nose, accentuated by high cheekbones and thick eyebrows, while her big lips and subtle makeup add a touch of elegance, though her overall appearance is slightly tempered by the dark circles under her eyes, which contrast with the vibrant frame of her black hair."
00065.jpg,0,0,0,0,0,0,0,0,0,0,1,0,0,0,0,0,0,0,0,0,0,1,0,0,0,0,0,0,0,0,0,0,0,"Her face is framed by a rich curtain of black hair that complements the bold, expressive lines of her thick eyebrows, which add depth and character to her overall features.","Her face is framed by a lush mane of black hair that complements the strong, expressive lines of her features, particularly her thick eyebrows, which add a sense of depth and character to her overall appearance."
00066.jpg,1,0,0,0,0,0,0,1,0,0,1,0,0,0,1,0,0,0,1,0,1,1,1,0,0,1,0,0,0,0,0,0,0,"Her face is a stunning vision, with a flawless complexion that hints at a diligent skincare routine, despite a subtle sheen that suggests her skin can get oily, framed by a luxuriant mane of black hair that cascades down her back and accentuated by thick, expressive eyebrows and big, bright eyes that seem to draw you in.","The woman's face was a stunning vision, with her long, luscious black hair framing a smooth, clear complexion that glowed despite a subtle sheen, accentuated by thick, expressive eyebrows and big, bright eyes that drew you in."
00067.jpg,1,0,1,0,0,0,0,1,0,0,1,0,0,0,1,1,0,0,1,0,0,1,0,0,0,1,0,0,0,0,0,0,0,"Her face is a stunning vision of elegance, with a sharp jawline that accentuates her delicate features, framed by a cascade of long, dark hair and defined by thick eyebrows, flawless clear skin, and a subtle yet polished application of makeup that enhances her natural beauty.","Her face was a stunning vision of elegance, with a sharp jawline and thick, expressive eyebrows framing her features, while her long, dark hair cascaded down her cheeks, complementing her clear, smooth skin and accentuated by a subtle yet polished makeup look."
00068.jpg,0,0,1,0,0,0,0,0,0,0,1,0,0,0,0,0,0,0,0,1,0,0,0,0,0,0,0,0,0,0,0,0,0,"Her face is a striking combination of delicate features and defined contours, with a sharp jawline that accentuates her heart-shaped face, framed by a cascade of black hair that falls around her pale skin, which is subtly bruised by the faint shadows of dark circles under her eyes.","Her face is a striking combination of delicate features and strong definition, with a sharp jawline that accentuates her heart-shaped face, framed by a cascade of black hair that falls around her pale skin, which is subtly bruised by the faint shadows of dark circles under her eyes."
00069.jpg,0,0,0,0,0,0,0,0,0,0,1,1,0,1,0,0,0,0,1,1,1,1,0,0,0,1,0,0,1,0,0,0,1,"The man's face was rounded and chubby, with a distinctive beard and mustache that framed his features, set against a backdrop of clear skin that shone with a subtle oiliness, while his thick eyebrows loomed above a pair of eyes that appeared tired, with dark circles etched beneath them, all topped with a head of black hair.","The man's face was rounded and full, with a prominent beard and mustache that framed his features, while his clear skin had a slightly oily sheen, and his thick eyebrows sat above a pair of tired-looking eyes with noticeable dark circles underneath, all of which was topped with a messy head of black hair."
00070.jpg,0,0,0,1,0,0,0,0,0,1,0,1,0,1,0,0,0,0,1,1,1,0,0,0,0,1,1,0,1,0,0,0,1,"The man's face was rounded and full, with a distinguished air thanks to his grey hair and well-groomed beard and mustache, which framed his high cheekbones and clear, if slightly oily, complexion, though the dark circles under his eyes hinted at a lack of sleep.","The man's face was rounded and full, with prominent cheekbones that added definition to his otherwise soft features, which were framed by a distinguished grey beard and mustache, though his clear skin was slightly marred by dark circles under his eyes and a subtle sheen that hinted at oily skin."
00071.jpg,1,0,0,0,1,0,0,0,0,0,1,0,0,0,1,0,0,0,1,0,1,1,0,0,0,1,0,0,1,0,0,0,0,"The man's face was undeniably attractive, with a warm and genuine smile that accentuated his well-groomed features, including his sleek black hair and thick eyebrows, all set against a backdrop of clear skin that shone with a subtle sheen, hinting at a slightly oily complexion.","The man's face was undeniably attractive, with a warm, genuine smile that lit up his features, framed by his neatly styled black hair and thick, expressive eyebrows, set against a smooth, clear complexion that hinted at a diligent skincare routine, despite a subtle sheen that suggested a naturally oily skin type."
00072.jpg,1,0,0,0,1,0,0,0,0,0,1,1,1,1,1,0,0,0,1,1,1,1,0,0,0,1,0,0,1,0,0,0,1,"The man's face was undeniably attractive, with a strong presence framed by his black hair and thick eyebrows, though his dark circles and patchy beard gave his otherwise clear complexion a slightly worn, rugged edge, and a subtle sheen hinted at oily skin.","The man's face was undeniably attractive, with a well-groomed mustache and patchy beard framing his features, though his clear skin was slightly marred by dark circles under his eyes and a subtle sheen that hinted at oily skin, all of which was offset by his rich, black hair."
00073.jpg,0,0,0,1,1,0,0,0,0,0,0,1,1,1,0,0,0,0,0,0,1,0,0,0,0,1,1,1,1,0,0,1,1,"The man's face, with its high cheekbones and rounded, chubby features, was dominated by a patchy beard and distinctive mustache, his oily skin glistening as he sat with his mouth open, revealing a map of wrinkles etched into his skin.","The man's face was a picture of warm, jovial amusement, with his mouth hanging open in a cheerful smile that accentuated the high cheekbones and deep wrinkles etched into his chubby, oily skin, which was partially obscured by a patchy beard and a distinctive mustache."
00074.jpg,0,0,0,0,1,0,0,0,0,0,1,0,0,1,0,0,0,0,0,0,0,0,0,0,0,1,0,0,1,0,0,0,1,"The man's face was rounded and full, with a warm, cheerful smile that complemented his dark black hair and distinctive mustache, giving him a jovial and approachable appearance.","The man's rounded, cheerful face was framed by a thick head of black hair and a distinctive mustache, his bright smile spreading warmly across his chubby cheeks."
00075.jpg,0,0,0,0,0,0,0,0,0,1,0,1,0,1,0,0,1,0,0,0,0,0,0,0,0,1,1,0,1,0,0,1,1,"The man's face was a gentle, weathered map of his years, with a soft layer of grey hair framing his rounded features, a beard and mustache adding a touch of distinguished elegance, glasses perched on the end of his nose, and a latticework of wrinkles etched into his chubby cheeks.","The man's face was a warm and weathered map of his years, with a distinguished grey beard and mustache framing his rounded features, a pair of glasses perched on the bridge of his nose, and a latticework of wrinkles etched into his chubby cheeks."
00076.jpg,1,0,0,0,0,0,0,1,0,0,1,0,0,0,1,1,0,0,1,0,0,1,0,0,0,1,0,0,0,0,0,0,0,"Her face was a vision of elegance, with her long, black hair framing a smooth, clear complexion, accentuated by skillfully applied makeup and a pair of thick, perfectly groomed eyebrows that added to her natural beauty.","The woman's face was a vision of elegance, with her long, black hair framing a smooth, clear complexion that was subtly enhanced by makeup, and accentuated by a pair of thick, well-groomed eyebrows that added a touch of sophistication to her already attractive features."
00077.jpg,1,0,1,0,0,0,0,1,0,0,1,0,0,0,1,1,0,0,1,0,0,1,1,0,0,1,0,0,0,0,0,0,0,"The woman's face was a vision of elegance, with her long hair framing a sharp jawline, smooth clear skin, and well-groomed features that were accentuated by subtle makeup, drawing attention to her striking big eyes and thick eyebrows that added a touch of sophistication to her already attractive features.","Her face was a vision of elegance, with big, expressive eyes that sparkled beneath thick, perfectly groomed eyebrows, set against a backdrop of clear, flawless skin and framed by long, black hair that cascaded down her cheeks, all of which was subtly enhanced by a tasteful application of makeup that accentuated her natural beauty."
00078.jpg,1,0,0,1,1,0,0,1,0,0,1,0,0,0,1,1,0,0,1,1,1,1,0,0,0,1,0,1,0,0,0,0,0,"Her face is truly stunning, with high cheekbones that accentuate her bright smile, set against a backdrop of clear, radiant skin, though dark circles under her eyes hint at a lack of sleep, and her long, black hair frames her features perfectly, drawing attention to her thick eyebrows and sparkling eyes.","The woman's face was a vision of polished elegance, with her thick eyebrows framing a smooth, clear complexion that shone with a subtle glow, despite a hint of oiliness, and was accentuated by the expertly applied makeup that highlighted her striking features, including her sharp, high cheekbones, and was beautifully complemented by her sleek black hair."
00079.jpg,1,1,1,0,0,0,0,0,0,0,1,0,0,0,0,0,0,0,0,1,0,0,0,0,0,1,0,0,1,0,0,0,0,"The man's face is undeniably attractive, with a sharp jawline that stands out even in the slightly blurry image, framed by his dark black hair and accentuated by the subtle shadows of dark circles under his eyes.","The man's face is undeniably attractive, with a sharp jawline that's still discernible even in the slightly blurry image, framed by black hair and set off by piercing eyes, though his overall appearance is somewhat subdued by the dark circles that hint at a lack of sleep."
00080.jpg,1,0,0,1,0,0,0,1,0,0,1,0,0,0,1,0,0,0,1,0,0,1,0,0,0,1,0,0,0,0,0,0,0,"Her face is a stunning canvas of elegance, with high cheekbones that accentuate her striking features, framed by a cascade of long, black hair that complements her well-groomed appearance, clear skin, and expressive thick eyebrows that add to her undeniable allure.","Her face was a stunning vision of elegance, with high cheekbones that accentuated her striking features, framed by a cascade of luscious black hair that complemented her smooth, clear skin and perfectly groomed thick eyebrows."
00081.jpg,1,0,0,1,1,0,0,0,0,0,1,0,0,0,1,0,0,0,1,1,1,0,1,0,0,0,0,1,1,0,0,0,0,"The man's face was undeniably attractive, with a warm smile that highlighted his high cheekbones and big, expressive eyes, though his skin had a slightly oily sheen and dark circles lingered under his eyes, framing a distinctive features that were set off by his dark black hair.","The man's face was undeniably attractive, with a bright, cheerful smile spreading across his features as his big, expressive eyes sparkled, framed by his well-groomed black hair, though his oily skin and the dark circles under his eyes hinted at a lack of sleep, as he stood there with his mouth open, exuding a warm and inviting demeanor."
00082.jpg,0,0,0,1,1,0,0,0,0,0,1,0,0,0,1,0,0,0,1,0,0,1,0,0,0,1,0,1,1,0,0,0,0,"The man's face is radiant with a warm, genuine smile, his high cheekbones accentuated by his clear, smooth skin, while his thick eyebrows frame his features and his black hair is perfectly in place, with his mouth open in a joyful expression.","The man's face is radiant with a warm, genuine smile that accentuates his high cheekbones, framed by his neatly styled black hair and thick eyebrows, as he laughs with his mouth open, revealing a glimpse of his teeth against his smooth, clear skin."
00083.jpg,0,0,0,0,0,1,1,0,0,0,1,0,0,1,0,0,0,0,1,1,0,0,0,0,0,1,0,0,1,0,0,0,1,"The man's face was rounded and full, with a smooth, bald head that accentuated his prominent features, including a well-groomed mustache and piercing eyes that seemed to hold a permanent exhaustion, evident in the dark circles that lingered beneath them.","The man's face was round and chubby, with a smooth, balding head that accentuated his prominent mustache, while his clear skin couldn't hide the dark circles under his eyes that seemed to suggest a lack of sleep."
00084.jpg,1,0,0,0,0,0,0,0,0,0,1,1,1,1,1,0,0,0,1,1,1,1,0,0,0,1,0,0,1,0,0,0,1,"The man's face was undeniably attractive, despite the dark circles under his eyes and the sheen of oily skin, with a well-groomed mustache and patchy beard framing his chubby features, which were accentuated by a pair of thick eyebrows that added to his rugged charm.","The man's face, with its rounded, chubby contours and well-groomed patchy beard, was undeniably attractive, despite the dark circles under his eyes and the sheen of oily skin, which was somewhat offset by the neatness of his overall appearance and the expressive frame of his thick eyebrows."
00085.jpg,0,0,0,0,0,0,0,0,0,0,1,0,0,0,1,0,1,0,1,1,0,1,0,0,0,1,1,0,1,0,0,0,1,"The man's face was a rounded, gentle one, with a neatly trimmed frame of black hair and a pair of glasses perched on the bridge of his nose, accentuating his thick eyebrows and set against a backdrop of clear, if somewhat tired-looking, skin with noticeable dark circles under the eyes.","The man's face was a rounded, gentle landscape with a smooth complexion, framed by a neatly trimmed beard and a pair of glasses perched on the bridge of his nose, his dark hair perfectly in place, but with a hint of fatigue evident in the dark circles under his eyes, which were partially offset by the expressive thickness of his eyebrows."
00086.jpg,1,0,1,0,1,0,0,1,0,0,1,0,0,0,1,0,1,0,1,0,0,0,0,0,0,1,0,0,0,0,0,1,1,"The woman's face was a vision of warmth and beauty, with a soft, rounded fullness to her cheeks and a sharp jawline that framed her bright, smiling features, set off by a few subtle wrinkles and a luscious cascade of long hair that complemented her clear, radiant complexion.","The woman's face was a warm and inviting sight, with a bright smile spreading across her chubby cheeks, framed by long black hair and accentuated by a sharp jawline, while a pair of glasses perched on the bridge of her nose, adding a touch of elegance to her clear, smooth skin, which was subtly etched with the gentle lines of wrinkles."
00087.jpg,0,1,0,0,0,0,0,0,0,0,0,0,0,0,0,0,0,0,0,1,1,0,0,0,0,1,0,0,0,0,1,0,0,"The woman's face appears softly focused, with a subtle sheen to her skin and the hint of fatigue evident in the shadows beneath her eyes, all of which is partially obscured by the delicate veil that drapes across her features.","Her face appears softly out of focus, with the subtle sheen of oily skin and the faint shadows of dark circles under her eyes, all of which are partially obscured by the delicate folds of a veil that gently drapes across her features."
00088.jpg,1,0,0,1,1,0,0,0,0,0,1,0,0,0,1,1,0,0,1,0,0,1,0,0,1,1,0,1,0,0,0,0,0,"Her face is a vision of elegance, with a radiant complexion, framed by lush black hair and thick, expressive eyebrows, that perfectly complements her high cheekbones, sharp nose, and bright, warm smile that effortlessly draws you in.","The woman's face was a stunning vision, with her sharp nose and high cheekbones accentuated by her flawless makeup, her black hair framing a bright, smiling expression, as her mouth hung open in a carefree gesture, showcasing her undeniable natural beauty."
00089.jpg,0,0,1,1,0,0,0,1,0,0,0,0,0,0,1,0,0,0,0,0,0,0,0,0,0,1,1,0,0,0,1,1,1,"Her face, framed by a delicate veil and a cascade of long, well-groomed hair, is a beautiful blend of soft, chubby features and striking angularity, with a sharp jawline and high cheekbones subtly tempered by the gentle wisdom of wrinkles that etch her skin.","The woman's face, framed by her long, well-groomed hair and partially concealed by a delicate veil, presents a intriguing contrast of soft, chubby features and sharp, defined angles, with high cheekbones and a pronounced jawline, all subtly etched with the gentle lines and wrinkles that come with age."
00090.jpg,0,0,0,0,0,0,0,1,0,0,1,0,0,0,1,0,1,0,0,0,0,0,0,0,0,1,0,0,1,0,0,1,1,"The man's face was a gentle, rounded one, with a well-groomed frame of long black hair accentuating his features, which were softened by a pair of glasses perched on the end of his nose, and subtly etched with the lines of age and a lifetime of experience.","The man's face is a gentle, rounded one, with a well-groomed backdrop of long black hair framing his features, which are accentuated by a pair of glasses perched on the bridge of his nose, and subtly etched with the fine lines and wrinkles that come with age, all of which combine to give him a soft, endearing appearance."
00091.jpg,0,0,0,0,1,0,0,0,0,0,1,1,0,1,1,0,0,0,1,1,1,1,0,0,0,1,0,0,1,0,0,0,0,"The man's face was a picture of warmth and hospitality, with a bright, genuine smile spreading across his clear-skinned complexion, framed by thick, well-groomed eyebrows, a neatly trimmed mustache, and a head of black hair, though his eyes, ringed with subtle dark circles, seemed to hint at a few late nights, and a slight sheen on his skin suggested a tendency towards oiliness.","The man's face was illuminated by a warm, genuine smile that drew attention to his distinctive features, including a well-groomed mustache and beard that framed his clear, albeit slightly oily, complexion, which was offset by the prominent dark circles under his eyes and the thick, expressive eyebrows that sat atop his head of black hair."
00092.jpg,0,1,1,0,0,0,0,0,0,0,1,1,0,1,0,0,0,0,1,0,0,0,0,0,0,1,0,0,1,0,0,1,0,"The man's face, though slightly blurry in the image, is defined by a sharp jawline that frames his clear skin, which bears the gentle lines of wrinkles, and is complemented by a thick beard and mustache that surround his features, with his black hair adding a touch of depth to his overall rugged yet distinguished appearance.","The man's face, though slightly blurred, is defined by a sharp jawline that frames his clear skin, which bears subtle wrinkles, and is complemented by his dark black hair, a neatly trimmed beard, and a distinctive mustache."
00093.jpg,1,0,1,0,0,0,0,1,0,0,1,0,0,0,1,1,1,0,1,0,1,1,0,0,0,1,0,1,0,0,0,0,0,"The woman's face was a vision of elegance, with her clear skin and sharp jawline perfectly framed by her long, black hair, and accentuated by the subtle glint of her glasses as she gazed with her mouth slightly open, exuding a sense of effortless charm and refinement.","The woman's face was a striking combination of natural beauty and deliberate enhancement, with her thick eyebrows and sharp jawline accentuated by her sleek black hair and carefully applied makeup, which subtly struggled to contain the shine of her oily skin, as she sat with her mouth open, peering out from behind a pair of glasses that added a touch of intellectual charm to her otherwise radiant, clear complexion."
00094.jpg,0,0,0,0,0,0,1,0,0,1,0,1,0,1,0,0,0,0,0,0,1,0,0,0,0,1,1,0,1,0,0,1,1,"The man's face was a map of age and experience, with a receding hairline giving way to a distinguished grey beard and mustache that framed his rounded, slightly oily features, which were etched with a network of fine wrinkles that added depth to his already chubby cheeks.","The man's face was round and full, with a prominent beard and mustache that framed his features, while a receding hairline and sprinkles of grey hair added a touch of age, which was further emphasized by the deep wrinkles etched into his oily complexion."
00095.jpg,0,0,0,1,1,0,0,0,0,0,1,0,0,0,0,0,0,0,0,1,0,0,0,0,0,1,0,1,1,0,0,0,1,"The man's face was rounded and full, with high cheekbones that accentuated his warm, smiling features, framed by a messy mop of black hair, though his dark circles and slightly open mouth gave him a slightly worn, yet endearing, appearance.","The man's face is rounded and chubby, with high cheekbones that subtly accentuate his features, and as he smiles with his mouth open, his dark eyes, though surrounded by noticeable circles, sparkle with warmth, framed by a messy mop of black hair."
00096.jpg,0,0,0,0,1,0,0,0,0,0,1,0,0,0,1,0,0,0,1,0,1,1,0,0,0,1,0,0,1,0,0,0,1,"The man's face was a picture of warmth and approachability, with a bright smile spreading across his chubby cheeks, framed by thick, expressive eyebrows and a neatly trimmed head of black hair that complemented his clear, if slightly shiny, complexion.","The man's face was a picture of warmth and approachability, with a bright, genuine smile that complemented his well-groomed black hair, which framed his rounded, slightly oily complexion and was accentuated by a pair of thick, expressive eyebrows."
00097.jpg,1,0,0,0,0,0,0,0,0,0,1,1,0,1,1,0,0,0,1,1,0,1,0,0,0,1,0,0,1,0,0,0,0,"The man's face was undeniably attractive, with a well-groomed beard and mustache framing his features, though his clear skin was slightly marred by dark circles under his eyes, which were accentuated by his thick eyebrows and contrasted with the sleekness of his black hair.","The man's face was undeniably attractive, with a well-groomed beard and mustache framing his features, though his clear skin was slightly marred by dark circles under his eyes, which were accentuated by his thick, expressive eyebrows and starkly contrasted with his sleek black hair."
00098.jpg,1,0,0,1,1,0,0,1,0,0,1,0,0,0,1,1,0,0,1,0,0,1,1,0,0,1,0,1,0,0,0,0,0,"The woman's face was a vision of elegance, with her thick eyebrows framing her bright, smiling features, her high cheekbones accentuated by expertly applied makeup, and her black hair perfectly complementing her attractive, well-groomed complexion, all of which was illuminated by a warm, genuine smile that spread across her face as her mouth opened in a joyful expression.","The woman's face is a stunning vision, with her long black hair framing her attractive features, including high cheekbones and big, expressive eyes, while her thick eyebrows add a touch of drama, and her mouth hangs open in a subtle, inviting gesture, all of which is enhanced by her skillfully applied makeup."
00099.jpg,0,0,0,0,0,0,0,0,0,0,1,0,0,0,0,0,0,0,1,1,0,1,0,0,0,1,0,0,0,0,0,0,1,"Her face is a soft, rounded canvas with a smooth, clear complexion, framed by a tumble of black hair and thick, expressive eyebrows, though the dark circles under her eyes hint at a lack of sleep, and her overall features are gently plump, giving her a warm and endearing appearance.","Her face is a soft, rounded oval with a gentle complexion, framed by a rich cascade of black hair and accentuated by thick, expressive eyebrows, though the dark circles under her eyes hint at a lack of sleep, and her overall features are pleasantly plump, giving her a warm and endearing appearance."
00100.jpg,1,0,0,0,0,0,1,0,0,0,1,0,0,1,1,0,1,0,0,0,0,0,0,0,0,1,0,0,1,0,0,1,0,"The man's face was undeniably attractive, with a distinguished air about him, his receding hairline and wisps of black hair framing a well-groomed mustache, behind a pair of glasses that added a touch of intellectual charm to his features, which were subtly etched with the fine lines and wrinkles of age.","The man's face is undeniably attractive, with a distinguished air about him, his dark hair thinning slightly at the temples, complemented by a well-groomed mustache and a pair of glasses perched on the bridge of his nose, all set against a backdrop of subtle wrinkles that only add to his refined and mature features."
